순위,기사제목,댓글수,구분
1,이재명 이준석 겨냥 민주당 대표가 성 상납 받았으면 당 해체됐다,668,기사
2,특혜 의혹 윤 대통령 처가 회사 양평군에 개발부담금 완납,322,기사
3,이상민 한동훈 임명 밀어붙이면 윤 대통령이 협치 깬 것,297,기사
4,권성동 윤재순 일방적 단죄는 적절치 않아‥본인 입장 듣고 여론 살펴야,171,기사
5,북한 우리 측 지원 의사에 이틀째 무응답,158,기사
6,윤 대통령 한동훈 오늘 임명? 검토해보겠다‥윤재순 질문엔 좋은 하루,137,기사
7,민주 용산 졸속이전으로 도미노식 피해‥제왕적 일방통행,73,기사
8,한동훈 임명 강행 기류‥여야 대치 격화,47,동영상
9,탈모인의 성지 가봤더니‥대리 처방에 택배 배달까지,41,동영상
10,검찰 윤석열 검찰총장 당시 피고발 사건 6건 각하,24,기사
11,비트코인 팔아 가격 방어 시도‥보상 논의,23,동영상
12,다시 번지는 미국 코로나‥북동부 신규 확진자 급증,23,동영상
13,김용태 최고 대통령실 윤재순 관련 사과하고 거취 조속 결정해야,16,기사
14,임대차 3법 시행 2년‥전월세 대폭 인상 막았다,16,동영상
15,[World Now_영상] 마지막 햄버거 먹으러‥ 맥도날드 32년만에 러시아서 철수,15,동영상
16,롯데월드 놀이기구 운행 중 멈춰‥승객 8명 대피,11,기사
17,던지고 꼬집고‥상습 학대 공포의 유치원,10,동영상
18,[방송3사 여론조사] 경기 초접전‥서울·인천 국민의힘 우세,10,동영상
19,정의당도 성추문‥지도부 은폐 vs 사실 아냐,8,동영상
20,도와주겠다 통지문 발송 시도‥묵묵부답,8,동영상
